category,video_id
PlayingGuitar,v_PlayingGuitar_g02_c03
PlayingGuitar,v_PlayingGuitar_g01_c01
PlayingGuitar,v_PlayingGuitar_g15_c01
PlayingGuitar,v_PlayingGuitar_g18_c06
PlayingGuitar,v_PlayingGuitar_g10_c06
PlayingGuitar,v_PlayingGuitar_g23_c06
PlayingGuitar,v_PlayingGuitar_g25_c03
PlayingGuitar,v_PlayingGuitar_g20_c03
PlayingGuitar,v_PlayingGuitar_g18_c07
PlayingGuitar,v_PlayingGuitar_g06_c04
PlayingGuitar,v_PlayingGuitar_g04_c05
PlayingGuitar,v_PlayingGuitar_g05_c01
PlayingGuitar,v_PlayingGuitar_g12_c05
PlayingGuitar,v_PlayingGuitar_g11_c07
PlayingGuitar,v_PlayingGuitar_g02_c04
PlayingGuitar,v_PlayingGuitar_g05_c04
PlayingGuitar,v_PlayingGuitar_g06_c01
PlayingGuitar,v_PlayingGuitar_g06_c06
PlayingGuitar,v_PlayingGuitar_g04_c02
PlayingGuitar,v_PlayingGuitar_g18_c01
PlayingGuitar,v_PlayingGuitar_g22_c02
PlayingGuitar,v_PlayingGuitar_g18_c02
PlayingGuitar,v_PlayingGuitar_g07_c01
PlayingGuitar,v_PlayingGuitar_g04_c04
PlayingGuitar,v_PlayingGuitar_g09_c04
PlayingGuitar,v_PlayingGuitar_g06_c02
PlayingGuitar,v_PlayingGuitar_g24_c03
PlayingGuitar,v_PlayingGuitar_g10_c07
PlayingGuitar,v_PlayingGuitar_g12_c03
PlayingGuitar,v_PlayingGuitar_g20_c04
PlayingGuitar,v_PlayingGuitar_g22_c03
PlayingGuitar,v_PlayingGuitar_g09_c01
PlayingGuitar,v_PlayingGuitar_g16_c03
PlayingGuitar,v_PlayingGuitar_g14_c04
PlayingGuitar,v_PlayingGuitar_g08_c06
PlayingGuitar,v_PlayingGuitar_g03_c07
PlayingGuitar,v_PlayingGuitar_g05_c05
PlayingGuitar,v_PlayingGuitar_g15_c03
PlayingGuitar,v_PlayingGuitar_g13_c01
PlayingGuitar,v_PlayingGuitar_g17_c01
PlayingGuitar,v_PlayingGuitar_g18_c04
PlayingGuitar,v_PlayingGuitar_g04_c03
PlayingGuitar,v_PlayingGuitar_g02_c02
PlayingGuitar,v_PlayingGuitar_g10_c02
PlayingGuitar,v_PlayingGuitar_g06_c03
PlayingGuitar,v_PlayingGuitar_g03_c01
PlayingGuitar,v_PlayingGuitar_g21_c06
PlayingGuitar,v_PlayingGuitar_g03_c02
PlayingGuitar,v_PlayingGuitar_g08_c07
PlayingGuitar,v_PlayingGuitar_g21_c03
PlayingGuitar,v_PlayingGuitar_g08_c05
PlayingGuitar,v_PlayingGuitar_g07_c05
PlayingGuitar,v_PlayingGuitar_g20_c06
PlayingGuitar,v_PlayingGuitar_g25_c04
PlayingGuitar,v_PlayingGuitar_g10_c05
PlayingGuitar,v_PlayingGuitar_g23_c07
PlayingGuitar,v_PlayingGuitar_g04_c06
PlayingGuitar,v_PlayingGuitar_g08_c04
PlayingGuitar,v_PlayingGuitar_g08_c01
PlayingGuitar,v_PlayingGuitar_g18_c03
PlayingGuitar,v_PlayingGuitar_g15_c02
PlayingGuitar,v_PlayingGuitar_g19_c02
PlayingGuitar,v_PlayingGuitar_g07_c04
PlayingGuitar,v_PlayingGuitar_g08_c03
PlayingGuitar,v_PlayingGuitar_g23_c02
PlayingGuitar,v_PlayingGuitar_g13_c02
PlayingGuitar,v_PlayingGuitar_g13_c05
PlayingGuitar,v_PlayingGuitar_g14_c02
PlayingGuitar,v_PlayingGuitar_g02_c01
PlayingGuitar,v_PlayingGuitar_g25_c06
PlayingGuitar,v_PlayingGuitar_g25_c02
PlayingGuitar,v_PlayingGuitar_g12_c01
PlayingGuitar,v_PlayingGuitar_g19_c01
PlayingGuitar,v_PlayingGuitar_g23_c05
PlayingGuitar,v_PlayingGuitar_g20_c07
PlayingGuitar,v_PlayingGuitar_g13_c04
PlayingGuitar,v_PlayingGuitar_g25_c01
PlayingGuitar,v_PlayingGuitar_g03_c04
PlayingGuitar,v_PlayingGuitar_g06_c07
PlayingGuitar,v_PlayingGuitar_g10_c03
PlayingGuitar,v_PlayingGuitar_g06_c05
PlayingGuitar,v_PlayingGuitar_g21_c04
PlayingGuitar,v_PlayingGuitar_g19_c03
PlayingGuitar,v_PlayingGuitar_g13_c03
PlayingGuitar,v_PlayingGuitar_g23_c01
PlayingGuitar,v_PlayingGuitar_g16_c02
PlayingGuitar,v_PlayingGuitar_g23_c04
PlayingGuitar,v_PlayingGuitar_g20_c01
PlayingGuitar,v_PlayingGuitar_g14_c06
PlayingGuitar,v_PlayingGuitar_g17_c04
PlayingGuitar,v_PlayingGuitar_g03_c05
PlayingGuitar,v_PlayingGuitar_g25_c07
PlayingGuitar,v_PlayingGuitar_g21_c01
PlayingGuitar,v_PlayingGuitar_g22_c04
PlayingGuitar,v_PlayingGuitar_g01_c02
PlayingGuitar,v_PlayingGuitar_g11_c06
PlayingGuitar,v_PlayingGuitar_g17_c06
PlayingGuitar,v_PlayingGuitar_g19_c05
PlayingGuitar,v_PlayingGuitar_g05_c02
PlayingGuitar,v_PlayingGuitar_g19_c06
PlayingGuitar,v_PlayingGuitar_g16_c05
PlayingGuitar,v_PlayingGuitar_g16_c01
PlayingGuitar,v_PlayingGuitar_g11_c05
PlayingGuitar,v_PlayingGuitar_g07_c07
PlayingGuitar,v_PlayingGuitar_g18_c05
PlayingGuitar,v_PlayingGuitar_g14_c05
PlayingGuitar,v_PlayingGuitar_g25_c05
PlayingGuitar,v_PlayingGuitar_g16_c06
PlayingGuitar,v_PlayingGuitar_g12_c02
PlayingGuitar,v_PlayingGuitar_g12_c06
PlayingGuitar,v_PlayingGuitar_g15_c07
PlayingGuitar,v_PlayingGuitar_g15_c06
PlayingGuitar,v_PlayingGuitar_g24_c04
PlayingGuitar,v_PlayingGuitar_g11_c02
PlayingGuitar,v_PlayingGuitar_g10_c04
PlayingGuitar,v_PlayingGuitar_g12_c07
PlayingGuitar,v_PlayingGuitar_g19_c04
PlayingGuitar,v_PlayingGuitar_g14_c03
PlayingGuitar,v_PlayingGuitar_g09_c02
PlayingGuitar,v_PlayingGuitar_g20_c05
PlayingGuitar,v_PlayingGuitar_g14_c01
PlayingGuitar,v_PlayingGuitar_g09_c03
PlayingGuitar,v_PlayingGuitar_g17_c07
PlayingGuitar,v_PlayingGuitar_g21_c05
PlayingGuitar,v_PlayingGuitar_g13_c06
PlayingGuitar,v_PlayingGuitar_g16_c07
PlayingGuitar,v_PlayingGuitar_g07_c06
PlayingGuitar,v_PlayingGuitar_g12_c04
PlayingGuitar,v_PlayingGuitar_g05_c03
PlayingGuitar,v_PlayingGuitar_g11_c01
PlayingGuitar,v_PlayingGuitar_g10_c01
PlayingGuitar,v_PlayingGuitar_g15_c04
PlayingGuitar,v_PlayingGuitar_g03_c03
PlayingGuitar,v_PlayingGuitar_g23_c03
PlayingGuitar,v_PlayingGuitar_g01_c04
PlayingGuitar,v_PlayingGuitar_g24_c02
PlayingGuitar,v_PlayingGuitar_g04_c07
PlayingGuitar,v_PlayingGuitar_g14_c07
PlayingGuitar,v_PlayingGuitar_g15_c05
PlayingGuitar,v_PlayingGuitar_g17_c05
PlayingGuitar,v_PlayingGuitar_g24_c01
PlayingGuitar,v_PlayingGuitar_g17_c03
PlayingGuitar,v_PlayingGuitar_g08_c02
PlayingGuitar,v_PlayingGuitar_g13_c07
PlayingGuitar,v_PlayingGuitar_g07_c03
PlayingGuitar,v_PlayingGuitar_g11_c03
PlayingGuitar,v_PlayingGuitar_g01_c03
PlayingGuitar,v_PlayingGuitar_g11_c04
PlayingGuitar,v_PlayingGuitar_g04_c01
PlayingGuitar,v_PlayingGuitar_g22_c01
PlayingGuitar,v_PlayingGuitar_g01_c05
PlayingGuitar,v_PlayingGuitar_g17_c02
PlayingGuitar,v_PlayingGuitar_g21_c02
PlayingGuitar,v_PlayingGuitar_g01_c06
PlayingGuitar,v_PlayingGuitar_g16_c04
PlayingGuitar,v_PlayingGuitar_g07_c02
PlayingGuitar,v_PlayingGuitar_g03_c06
PlayingGuitar,v_PlayingGuitar_g19_c07
PlayingGuitar,v_PlayingGuitar_g22_c05
PlayingGuitar,v_PlayingGuitar_g20_c02
PlayingCello,v_PlayingCello_g11_c07
PlayingCello,v_PlayingCello_g17_c06
PlayingCello,v_PlayingCello_g19_c03
PlayingCello,v_PlayingCello_g10_c04
PlayingCello,v_PlayingCello_g10_c03
PlayingCello,v_PlayingCello_g13_c01
PlayingCello,v_PlayingCello_g06_c07
PlayingCello,v_PlayingCello_g13_c02
PlayingCello,v_PlayingCello_g07_c05
PlayingCello,v_PlayingCello_g08_c06
PlayingCello,v_PlayingCello_g14_c03
PlayingCello,v_PlayingCello_g10_c05
PlayingCello,v_PlayingCello_g20_c05
PlayingCello,v_PlayingCello_g18_c03
PlayingCello,v_PlayingCello_g19_c04
PlayingCello,v_PlayingCello_g24_c02
PlayingCello,v_PlayingCello_g20_c01
PlayingCello,v_PlayingCello_g20_c04
PlayingCello,v_PlayingCello_g12_c01
PlayingCello,v_PlayingCello_g01_c05
PlayingCello,v_PlayingCello_g12_c02
PlayingCello,v_PlayingCello_g07_c03
PlayingCello,v_PlayingCello_g10_c07
PlayingCello,v_PlayingCello_g01_c07
PlayingCello,v_PlayingCello_g18_c02
PlayingCello,v_PlayingCello_g05_c06
PlayingCello,v_PlayingCello_g14_c04
PlayingCello,v_PlayingCello_g23_c03
PlayingCello,v_PlayingCello_g22_c02
PlayingCello,v_PlayingCello_g22_c05
PlayingCello,v_PlayingCello_g03_c03
PlayingCello,v_PlayingCello_g25_c03
PlayingCello,v_PlayingCello_g07_c01
PlayingCello,v_PlayingCello_g05_c01
PlayingCello,v_PlayingCello_g18_c05
PlayingCello,v_PlayingCello_g09_c06
PlayingCello,v_PlayingCello_g24_c07
PlayingCello,v_PlayingCello_g09_c03
PlayingCello,v_PlayingCello_g16_c01
PlayingCello,v_PlayingCello_g25_c02
PlayingCello,v_PlayingCello_g04_c05
PlayingCello,v_PlayingCello_g12_c03
PlayingCello,v_PlayingCello_g19_c01
PlayingCello,v_PlayingCello_g09_c04
PlayingCello,v_PlayingCello_g02_c02
PlayingCello,v_PlayingCello_g02_c03
PlayingCello,v_PlayingCello_g16_c06
PlayingCello,v_PlayingCello_g05_c04
PlayingCello,v_PlayingCello_g07_c02
PlayingCello,v_PlayingCello_g15_c07
PlayingCello,v_PlayingCello_g20_c02
PlayingCello,v_PlayingCello_g23_c02
PlayingCello,v_PlayingCello_g08_c03
PlayingCello,v_PlayingCello_g06_c04
PlayingCello,v_PlayingCello_g12_c05
PlayingCello,v_PlayingCello_g24_c04
PlayingCello,v_PlayingCello_g16_c05
PlayingCello,v_PlayingCello_g18_c01
PlayingCello,v_PlayingCello_g23_c04
PlayingCello,v_PlayingCello_g11_c03
PlayingCello,v_PlayingCello_g19_c06
PlayingCello,v_PlayingCello_g20_c03
PlayingCello,v_PlayingCello_g08_c04
PlayingCello,v_PlayingCello_g11_c02
PlayingCello,v_PlayingCello_g05_c02
PlayingCello,v_PlayingCello_g16_c03
PlayingCello,v_PlayingCello_g17_c01
PlayingCello,v_PlayingCello_g01_c04
PlayingCello,v_PlayingCello_g11_c01
PlayingCello,v_PlayingCello_g10_c01
PlayingCello,v_PlayingCello_g07_c04
PlayingCello,v_PlayingCello_g10_c06
PlayingCello,v_PlayingCello_g02_c06
PlayingCello,v_PlayingCello_g05_c07
PlayingCello,v_PlayingCello_g05_c05
PlayingCello,v_PlayingCello_g08_c02
PlayingCello,v_PlayingCello_g13_c05
PlayingCello,v_PlayingCello_g03_c02
PlayingCello,v_PlayingCello_g24_c06
PlayingCello,v_PlayingCello_g18_c07
PlayingCello,v_PlayingCello_g23_c06
PlayingCello,v_PlayingCello_g23_c01
PlayingCello,v_PlayingCello_g25_c04
PlayingCello,v_PlayingCello_g11_c05
PlayingCello,v_PlayingCello_g21_c01
PlayingCello,v_PlayingCello_g15_c02
PlayingCello,v_PlayingCello_g04_c02
PlayingCello,v_PlayingCello_g21_c04
PlayingCello,v_PlayingCello_g22_c01
PlayingCello,v_PlayingCello_g24_c01
PlayingCello,v_PlayingCello_g06_c03
PlayingCello,v_PlayingCello_g22_c06
PlayingCello,v_PlayingCello_g08_c01
PlayingCello,v_PlayingCello_g01_c02
PlayingCello,v_PlayingCello_g04_c06
PlayingCello,v_PlayingCello_g08_c05
PlayingCello,v_PlayingCello_g04_c07
PlayingCello,v_PlayingCello_g01_c03
PlayingCello,v_PlayingCello_g16_c07
PlayingCello,v_PlayingCello_g06_c06
PlayingCello,v_PlayingCello_g25_c01
PlayingCello,v_PlayingCello_g02_c01
PlayingCello,v_PlayingCello_g25_c05
PlayingCello,v_PlayingCello_g11_c06
PlayingCello,v_PlayingCello_g15_c05
PlayingCello,v_PlayingCello_g02_c07
PlayingCello,v_PlayingCello_g18_c04
PlayingCello,v_PlayingCello_g17_c07
PlayingCello,v_PlayingCello_g24_c05
PlayingCello,v_PlayingCello_g21_c03
PlayingCello,v_PlayingCello_g24_c03
PlayingCello,v_PlayingCello_g23_c05
PlayingCello,v_PlayingCello_g02_c05
PlayingCello,v_PlayingCello_g04_c03
PlayingCello,v_PlayingCello_g23_c07
PlayingCello,v_PlayingCello_g17_c04
PlayingCello,v_PlayingCello_g16_c04
PlayingCello,v_PlayingCello_g11_c04
PlayingCello,v_PlayingCello_g12_c04
PlayingCello,v_PlayingCello_g06_c01
PlayingCello,v_PlayingCello_g04_c01
PlayingCello,v_PlayingCello_g22_c04
PlayingCello,v_PlayingCello_g09_c07
PlayingCello,v_PlayingCello_g03_c04
PlayingCello,v_PlayingCello_g22_c03
PlayingCello,v_PlayingCello_g13_c06
PlayingCello,v_PlayingCello_g13_c03
PlayingCello,v_PlayingCello_g25_c06
PlayingCello,v_PlayingCello_g15_c03
PlayingCello,v_PlayingCello_g18_c06
PlayingCello,v_PlayingCello_g16_c02
PlayingCello,v_PlayingCello_g01_c06
PlayingCello,v_PlayingCello_g09_c01
PlayingCello,v_PlayingCello_g10_c02
PlayingCello,v_PlayingCello_g17_c05
PlayingCello,v_PlayingCello_g02_c04
PlayingCello,v_PlayingCello_g17_c02
PlayingCello,v_PlayingCello_g15_c04
PlayingCello,v_PlayingCello_g05_c03
PlayingCello,v_PlayingCello_g19_c07
PlayingCello,v_PlayingCello_g21_c05
PlayingCello,v_PlayingCello_g19_c05
PlayingCello,v_PlayingCello_g09_c02
PlayingCello,v_PlayingCello_g19_c02
PlayingCello,v_PlayingCello_g15_c06
PlayingCello,v_PlayingCello_g14_c01
PlayingCello,v_PlayingCello_g22_c07
PlayingCello,v_PlayingCello_g12_c07
PlayingCello,v_PlayingCello_g20_c06
PlayingCello,v_PlayingCello_g20_c07
PlayingCello,v_PlayingCello_g09_c05
PlayingCello,v_PlayingCello_g17_c03
PlayingCello,v_PlayingCello_g25_c07
PlayingCello,v_PlayingCello_g06_c02
PlayingCello,v_PlayingCello_g13_c04
PlayingCello,v_PlayingCello_g01_c01
PlayingCello,v_PlayingCello_g21_c02
PlayingCello,v_PlayingCello_g04_c04
PlayingCello,v_PlayingCello_g15_c01
PlayingCello,v_PlayingCello_g03_c01
PlayingCello,v_PlayingCello_g12_c06
PlayingCello,v_PlayingCello_g14_c02
PlayingCello,v_PlayingCello_g06_c05
PlayingCello,v_PlayingCello_g13_c07
Skiing,v_Skiing_g17_c01
Skiing,v_Skiing_g01_c03
Skiing,v_Skiing_g11_c02
Skiing,v_Skiing_g01_c06
Skiing,v_Skiing_g08_c06
Skiing,v_Skiing_g09_c04
Skiing,v_Skiing_g05_c01
Skiing,v_Skiing_g22_c01
Skiing,v_Skiing_g15_c04
Skiing,v_Skiing_g05_c04
Skiing,v_Skiing_g14_c03
Skiing,v_Skiing_g24_c03
Skiing,v_Skiing_g15_c01
Skiing,v_Skiing_g12_c02
Skiing,v_Skiing_g17_c02
Skiing,v_Skiing_g16_c02
Skiing,v_Skiing_g23_c02
Skiing,v_Skiing_g07_c01
Skiing,v_Skiing_g10_c01
Skiing,v_Skiing_g01_c05
Skiing,v_Skiing_g14_c02
Skiing,v_Skiing_g20_c06
Skiing,v_Skiing_g04_c03
Skiing,v_Skiing_g17_c04
Skiing,v_Skiing_g08_c05
Skiing,v_Skiing_g23_c03
Skiing,v_Skiing_g12_c04
Skiing,v_Skiing_g04_c05
Skiing,v_Skiing_g09_c05
Skiing,v_Skiing_g09_c01
Skiing,v_Skiing_g25_c05
Skiing,v_Skiing_g11_c03
Skiing,v_Skiing_g25_c02
Skiing,v_Skiing_g20_c05
Skiing,v_Skiing_g01_c04
Skiing,v_Skiing_g06_c02
Skiing,v_Skiing_g24_c01
Skiing,v_Skiing_g24_c02
Skiing,v_Skiing_g16_c03
Skiing,v_Skiing_g03_c03
Skiing,v_Skiing_g19_c06
Skiing,v_Skiing_g10_c03
Skiing,v_Skiing_g15_c03
Skiing,v_Skiing_g22_c04
Skiing,v_Skiing_g09_c02
Skiing,v_Skiing_g22_c02
Skiing,v_Skiing_g18_c04
Skiing,v_Skiing_g10_c05
Skiing,v_Skiing_g02_c04
Skiing,v_Skiing_g23_c04
Skiing,v_Skiing_g13_c01
Skiing,v_Skiing_g08_c01
Skiing,v_Skiing_g17_c03
Skiing,v_Skiing_g06_c07
Skiing,v_Skiing_g01_c01
Skiing,v_Skiing_g21_c06
Skiing,v_Skiing_g13_c02
Skiing,v_Skiing_g25_c04
Skiing,v_Skiing_g09_c06
Skiing,v_Skiing_g18_c02
Skiing,v_Skiing_g03_c01
Skiing,v_Skiing_g10_c04
Skiing,v_Skiing_g07_c02
Skiing,v_Skiing_g08_c02
Skiing,v_Skiing_g24_c04
Skiing,v_Skiing_g15_c02
Skiing,v_Skiing_g19_c05
Skiing,v_Skiing_g12_c03
Skiing,v_Skiing_g05_c02
Skiing,v_Skiing_g21_c02
Skiing,v_Skiing_g09_c03
Skiing,v_Skiing_g16_c04
Skiing,v_Skiing_g13_c05
Skiing,v_Skiing_g06_c05
Skiing,v_Skiing_g06_c06
Skiing,v_Skiing_g02_c02
Skiing,v_Skiing_g04_c06
Skiing,v_Skiing_g13_c04
Skiing,v_Skiing_g04_c07
Skiing,v_Skiing_g21_c04
Skiing,v_Skiing_g08_c04
Skiing,v_Skiing_g19_c03
Skiing,v_Skiing_g14_c01
Skiing,v_Skiing_g22_c05
Skiing,v_Skiing_g02_c01
Skiing,v_Skiing_g20_c04
Skiing,v_Skiing_g22_c03
Skiing,v_Skiing_g12_c01
Skiing,v_Skiing_g08_c03
Skiing,v_Skiing_g19_c04
Skiing,v_Skiing_g06_c04
Skiing,v_Skiing_g25_c03
Skiing,v_Skiing_g03_c02
Skiing,v_Skiing_g13_c03
Skiing,v_Skiing_g06_c03
Skiing,v_Skiing_g10_c02
Skiing,v_Skiing_g04_c01
Skiing,v_Skiing_g08_c07
Skiing,v_Skiing_g20_c07
Skiing,v_Skiing_g11_c04
Skiing,v_Skiing_g03_c06
Skiing,v_Skiing_g11_c01
Skiing,v_Skiing_g18_c01
Skiing,v_Skiing_g21_c05
Skiing,v_Skiing_g03_c07
Skiing,v_Skiing_g25_c01
Skiing,v_Skiing_g02_c05
Skiing,v_Skiing_g04_c04
Skiing,v_Skiing_g21_c01
Skiing,v_Skiing_g07_c03
Skiing,v_Skiing_g13_c06
Skiing,v_Skiing_g24_c06
Skiing,v_Skiing_g21_c03
Skiing,v_Skiing_g03_c04
Skiing,v_Skiing_g05_c03
Skiing,v_Skiing_g02_c03
Skiing,v_Skiing_g04_c02
Skiing,v_Skiing_g15_c05
Skiing,v_Skiing_g16_c01
Skiing,v_Skiing_g23_c01
Skiing,v_Skiing_g06_c01
Skiing,v_Skiing_g03_c05
Skiing,v_Skiing_g21_c07
Skiing,v_Skiing_g20_c01
Skiing,v_Skiing_g18_c03
Skiing,v_Skiing_g16_c05
Skiing,v_Skiing_g19_c02
Skiing,v_Skiing_g20_c03
Skiing,v_Skiing_g19_c01
Skiing,v_Skiing_g24_c05
Skiing,v_Skiing_g20_c02
Skiing,v_Skiing_g07_c04
Skiing,v_Skiing_g13_c07
Skiing,v_Skiing_g01_c02
Skiing,v_Skiing_g14_c04
TableTennisShot,v_TableTennisShot_g10_c01
TableTennisShot,v_TableTennisShot_g09_c01
TableTennisShot,v_TableTennisShot_g19_c03
TableTennisShot,v_TableTennisShot_g19_c06
TableTennisShot,v_TableTennisShot_g17_c01
TableTennisShot,v_TableTennisShot_g15_c01
TableTennisShot,v_TableTennisShot_g13_c04
TableTennisShot,v_TableTennisShot_g01_c03
TableTennisShot,v_TableTennisShot_g06_c03
TableTennisShot,v_TableTennisShot_g14_c04
TableTennisShot,v_TableTennisShot_g17_c04
TableTennisShot,v_TableTennisShot_g01_c01
TableTennisShot,v_TableTennisShot_g14_c03
TableTennisShot,v_TableTennisShot_g03_c01
TableTennisShot,v_TableTennisShot_g24_c01
TableTennisShot,v_TableTennisShot_g24_c03
TableTennisShot,v_TableTennisShot_g05_c03
TableTennisShot,v_TableTennisShot_g03_c03
TableTennisShot,v_TableTennisShot_g02_c01
TableTennisShot,v_TableTennisShot_g23_c01
TableTennisShot,v_TableTennisShot_g02_c04
TableTennisShot,v_TableTennisShot_g22_c05
TableTennisShot,v_TableTennisShot_g19_c05
TableTennisShot,v_TableTennisShot_g18_c02
TableTennisShot,v_TableTennisShot_g05_c01
TableTennisShot,v_TableTennisShot_g22_c03
TableTennisShot,v_TableTennisShot_g04_c01
TableTennisShot,v_TableTennisShot_g08_c02
TableTennisShot,v_TableTennisShot_g15_c03
TableTennisShot,v_TableTennisShot_g11_c01
TableTennisShot,v_TableTennisShot_g02_c02
TableTennisShot,v_TableTennisShot_g03_c05
TableTennisShot,v_TableTennisShot_g08_c04
TableTennisShot,v_TableTennisShot_g25_c05
TableTennisShot,v_TableTennisShot_g09_c07
TableTennisShot,v_TableTennisShot_g07_c01
TableTennisShot,v_TableTennisShot_g22_c04
TableTennisShot,v_TableTennisShot_g10_c02
TableTennisShot,v_TableTennisShot_g19_c04
TableTennisShot,v_TableTennisShot_g15_c04
TableTennisShot,v_TableTennisShot_g06_c04
TableTennisShot,v_TableTennisShot_g16_c06
TableTennisShot,v_TableTennisShot_g21_c01
TableTennisShot,v_TableTennisShot_g08_c01
TableTennisShot,v_TableTennisShot_g10_c04
TableTennisShot,v_TableTennisShot_g04_c06
TableTennisShot,v_TableTennisShot_g11_c04
TableTennisShot,v_TableTennisShot_g01_c05
TableTennisShot,v_TableTennisShot_g01_c06
TableTennisShot,v_TableTennisShot_g16_c03
TableTennisShot,v_TableTennisShot_g18_c01
TableTennisShot,v_TableTennisShot_g25_c04
TableTennisShot,v_TableTennisShot_g12_c03
TableTennisShot,v_TableTennisShot_g11_c03
TableTennisShot,v_TableTennisShot_g04_c04
TableTennisShot,v_TableTennisShot_g25_c06
TableTennisShot,v_TableTennisShot_g20_c02
TableTennisShot,v_TableTennisShot_g23_c06
TableTennisShot,v_TableTennisShot_g15_c07
TableTennisShot,v_TableTennisShot_g22_c07
TableTennisShot,v_TableTennisShot_g16_c04
TableTennisShot,v_TableTennisShot_g05_c05
TableTennisShot,v_TableTennisShot_g25_c07
TableTennisShot,v_TableTennisShot_g25_c03
TableTennisShot,v_TableTennisShot_g13_c01
TableTennisShot,v_TableTennisShot_g01_c02
TableTennisShot,v_TableTennisShot_g05_c07
TableTennisShot,v_TableTennisShot_g20_c06
TableTennisShot,v_TableTennisShot_g24_c02
TableTennisShot,v_TableTennisShot_g03_c02
TableTennisShot,v_TableTennisShot_g04_c07
TableTennisShot,v_TableTennisShot_g15_c05
TableTennisShot,v_TableTennisShot_g14_c01
TableTennisShot,v_TableTennisShot_g08_c03
TableTennisShot,v_TableTennisShot_g10_c03
TableTennisShot,v_TableTennisShot_g19_c07
TableTennisShot,v_TableTennisShot_g09_c06
TableTennisShot,v_TableTennisShot_g12_c02
TableTennisShot,v_TableTennisShot_g04_c02
TableTennisShot,v_TableTennisShot_g02_c03
TableTennisShot,v_TableTennisShot_g16_c02
TableTennisShot,v_TableTennisShot_g11_c02
TableTennisShot,v_TableTennisShot_g24_c05
TableTennisShot,v_TableTennisShot_g05_c06
TableTennisShot,v_TableTennisShot_g01_c04
TableTennisShot,v_TableTennisShot_g15_c02
TableTennisShot,v_TableTennisShot_g21_c02
TableTennisShot,v_TableTennisShot_g18_c03
TableTennisShot,v_TableTennisShot_g03_c04
TableTennisShot,v_TableTennisShot_g22_c06
TableTennisShot,v_TableTennisShot_g23_c05
TableTennisShot,v_TableTennisShot_g15_c06
TableTennisShot,v_TableTennisShot_g24_c04
TableTennisShot,v_TableTennisShot_g16_c01
TableTennisShot,v_TableTennisShot_g06_c05
TableTennisShot,v_TableTennisShot_g06_c01
TableTennisShot,v_TableTennisShot_g23_c02
TableTennisShot,v_TableTennisShot_g19_c02
TableTennisShot,v_TableTennisShot_g16_c05
TableTennisShot,v_TableTennisShot_g04_c03
TableTennisShot,v_TableTennisShot_g20_c04
TableTennisShot,v_TableTennisShot_g23_c03
TableTennisShot,v_TableTennisShot_g19_c01
TableTennisShot,v_TableTennisShot_g07_c02
TableTennisShot,v_TableTennisShot_g09_c02
TableTennisShot,v_TableTennisShot_g07_c04
TableTennisShot,v_TableTennisShot_g24_c06
TableTennisShot,v_TableTennisShot_g17_c02
TableTennisShot,v_TableTennisShot_g20_c01
TableTennisShot,v_TableTennisShot_g13_c02
TableTennisShot,v_TableTennisShot_g23_c07
TableTennisShot,v_TableTennisShot_g12_c01
TableTennisShot,v_TableTennisShot_g06_c02
TableTennisShot,v_TableTennisShot_g23_c04
TableTennisShot,v_TableTennisShot_g20_c03
TableTennisShot,v_TableTennisShot_g16_c07
TableTennisShot,v_TableTennisShot_g13_c03
TableTennisShot,v_TableTennisShot_g14_c05
TableTennisShot,v_TableTennisShot_g04_c05
TableTennisShot,v_TableTennisShot_g24_c07
TableTennisShot,v_TableTennisShot_g09_c05
TableTennisShot,v_TableTennisShot_g20_c05
TableTennisShot,v_TableTennisShot_g21_c03
TableTennisShot,v_TableTennisShot_g17_c03
TableTennisShot,v_TableTennisShot_g20_c07
TableTennisShot,v_TableTennisShot_g05_c04
TableTennisShot,v_TableTennisShot_g25_c02
TableTennisShot,v_TableTennisShot_g22_c02
TableTennisShot,v_TableTennisShot_g25_c01
TableTennisShot,v_TableTennisShot_g05_c02
TableTennisShot,v_TableTennisShot_g14_c02
TableTennisShot,v_TableTennisShot_g12_c04
TableTennisShot,v_TableTennisShot_g22_c01
TableTennisShot,v_TableTennisShot_g21_c04
TableTennisShot,v_TableTennisShot_g18_c04
TableTennisShot,v_TableTennisShot_g11_c05
TableTennisShot,v_TableTennisShot_g09_c04
TableTennisShot,v_TableTennisShot_g07_c03
TableTennisShot,v_TableTennisShot_g06_c06
TableTennisShot,v_TableTennisShot_g09_c03
Typing,v_Typing_g15_c03
Typing,v_Typing_g08_c02
Typing,v_Typing_g06_c06
Typing,v_Typing_g11_c02
Typing,v_Typing_g13_c04
Typing,v_Typing_g15_c04
Typing,v_Typing_g16_c01
Typing,v_Typing_g21_c03
Typing,v_Typing_g17_c04
Typing,v_Typing_g20_c03
Typing,v_Typing_g08_c01
Typing,v_Typing_g05_c02
Typing,v_Typing_g05_c01
Typing,v_Typing_g10_c06
Typing,v_Typing_g24_c03
Typing,v_Typing_g18_c04
Typing,v_Typing_g10_c02
Typing,v_Typing_g05_c04
Typing,v_Typing_g22_c02
Typing,v_Typing_g20_c07
Typing,v_Typing_g20_c04
Typing,v_Typing_g14_c05
Typing,v_Typing_g01_c03
Typing,v_Typing_g08_c05
Typing,v_Typing_g02_c03
Typing,v_Typing_g20_c06
Typing,v_Typing_g14_c06
Typing,v_Typing_g22_c03
Typing,v_Typing_g01_c07
Typing,v_Typing_g04_c02
Typing,v_Typing_g24_c04
Typing,v_Typing_g23_c02
Typing,v_Typing_g07_c01
Typing,v_Typing_g19_c02
Typing,v_Typing_g01_c05
Typing,v_Typing_g09_c01
Typing,v_Typing_g12_c05
Typing,v_Typing_g10_c07
Typing,v_Typing_g02_c05
Typing,v_Typing_g04_c01
Typing,v_Typing_g25_c04
Typing,v_Typing_g10_c01
Typing,v_Typing_g10_c05
Typing,v_Typing_g03_c06
Typing,v_Typing_g02_c02
Typing,v_Typing_g12_c07
Typing,v_Typing_g03_c04
Typing,v_Typing_g01_c04
Typing,v_Typing_g05_c06
Typing,v_Typing_g03_c03
Typing,v_Typing_g11_c03
Typing,v_Typing_g08_c07
Typing,v_Typing_g07_c02
Typing,v_Typing_g13_c01
Typing,v_Typing_g06_c01
Typing,v_Typing_g12_c02
Typing,v_Typing_g14_c03
Typing,v_Typing_g20_c01
Typing,v_Typing_g03_c02
Typing,v_Typing_g10_c04
Typing,v_Typing_g21_c02
Typing,v_Typing_g02_c04
Typing,v_Typing_g23_c03
Typing,v_Typing_g19_c04
Typing,v_Typing_g13_c03
Typing,v_Typing_g14_c04
Typing,v_Typing_g12_c01
Typing,v_Typing_g16_c03
Typing,v_Typing_g07_c03
Typing,v_Typing_g25_c02
Typing,v_Typing_g09_c02
Typing,v_Typing_g04_c03
Typing,v_Typing_g05_c03
Typing,v_Typing_g23_c01
Typing,v_Typing_g07_c04
Typing,v_Typing_g02_c06
Typing,v_Typing_g10_c03
Typing,v_Typing_g23_c04
Typing,v_Typing_g09_c07
Typing,v_Typing_g06_c04
Typing,v_Typing_g16_c04
Typing,v_Typing_g06_c03
Typing,v_Typing_g11_c04
Typing,v_Typing_g11_c01
Typing,v_Typing_g18_c02
Typing,v_Typing_g04_c04
Typing,v_Typing_g08_c06
Typing,v_Typing_g18_c03
Typing,v_Typing_g09_c06
Typing,v_Typing_g06_c02
Typing,v_Typing_g01_c01
Typing,v_Typing_g15_c01
Typing,v_Typing_g07_c06
Typing,v_Typing_g09_c04
Typing,v_Typing_g06_c05
Typing,v_Typing_g14_c01
Typing,v_Typing_g22_c04
Typing,v_Typing_g11_c06
Typing,v_Typing_g20_c05
Typing,v_Typing_g25_c01
Typing,v_Typing_g18_c01
Typing,v_Typing_g17_c01
Typing,v_Typing_g15_c02
Typing,v_Typing_g11_c05
Typing,v_Typing_g22_c01
Typing,v_Typing_g14_c07
Typing,v_Typing_g16_c02
Typing,v_Typing_g21_c01
Typing,v_Typing_g14_c02
Typing,v_Typing_g25_c03
Typing,v_Typing_g12_c03
Typing,v_Typing_g24_c02
Typing,v_Typing_g09_c05
Typing,v_Typing_g05_c05
Typing,v_Typing_g17_c03
Typing,v_Typing_g03_c01
Typing,v_Typing_g07_c05
Typing,v_Typing_g08_c04
Typing,v_Typing_g19_c01
Typing,v_Typing_g17_c02
Typing,v_Typing_g03_c07
Typing,v_Typing_g01_c06
Typing,v_Typing_g12_c04
Typing,v_Typing_g24_c01
Typing,v_Typing_g11_c07
Typing,v_Typing_g03_c05
Typing,v_Typing_g06_c07
Typing,v_Typing_g09_c03
Typing,v_Typing_g19_c03
Typing,v_Typing_g01_c02
Typing,v_Typing_g13_c02
Typing,v_Typing_g12_c06
Typing,v_Typing_g08_c03
Typing,v_Typing_g02_c01
Typing,v_Typing_g21_c04
Typing,v_Typing_g20_c02
JumpRope,v_JumpRope_g01_c03
JumpRope,v_JumpRope_g24_c03
JumpRope,v_JumpRope_g05_c03
JumpRope,v_JumpRope_g18_c01
JumpRope,v_JumpRope_g20_c01
JumpRope,v_JumpRope_g12_c05
JumpRope,v_JumpRope_g21_c02
JumpRope,v_JumpRope_g18_c05
JumpRope,v_JumpRope_g11_c07
JumpRope,v_JumpRope_g20_c07
JumpRope,v_JumpRope_g12_c03
JumpRope,v_JumpRope_g11_c05
JumpRope,v_JumpRope_g03_c02
JumpRope,v_JumpRope_g15_c01
JumpRope,v_JumpRope_g24_c02
JumpRope,v_JumpRope_g19_c02
JumpRope,v_JumpRope_g13_c03
JumpRope,v_JumpRope_g16_c01
JumpRope,v_JumpRope_g21_c04
JumpRope,v_JumpRope_g22_c02
JumpRope,v_JumpRope_g20_c03
JumpRope,v_JumpRope_g16_c07
JumpRope,v_JumpRope_g01_c02
JumpRope,v_JumpRope_g05_c05
JumpRope,v_JumpRope_g25_c03
JumpRope,v_JumpRope_g14_c04
JumpRope,v_JumpRope_g25_c02
JumpRope,v_JumpRope_g04_c06
JumpRope,v_JumpRope_g06_c03
JumpRope,v_JumpRope_g18_c06
JumpRope,v_JumpRope_g15_c05
JumpRope,v_JumpRope_g05_c04
JumpRope,v_JumpRope_g12_c01
JumpRope,v_JumpRope_g04_c05
JumpRope,v_JumpRope_g18_c02
JumpRope,v_JumpRope_g23_c03
JumpRope,v_JumpRope_g21_c01
JumpRope,v_JumpRope_g22_c04
JumpRope,v_JumpRope_g11_c03
JumpRope,v_JumpRope_g01_c01
JumpRope,v_JumpRope_g09_c02
JumpRope,v_JumpRope_g15_c04
JumpRope,v_JumpRope_g07_c04
JumpRope,v_JumpRope_g24_c05
JumpRope,v_JumpRope_g08_c07
JumpRope,v_JumpRope_g10_c01
JumpRope,v_JumpRope_g23_c01
JumpRope,v_JumpRope_g22_c05
JumpRope,v_JumpRope_g09_c03
JumpRope,v_JumpRope_g02_c06
JumpRope,v_JumpRope_g15_c06
JumpRope,v_JumpRope_g02_c05
JumpRope,v_JumpRope_g18_c03
JumpRope,v_JumpRope_g18_c04
JumpRope,v_JumpRope_g20_c04
JumpRope,v_JumpRope_g19_c01
JumpRope,v_JumpRope_g09_c06
JumpRope,v_JumpRope_g08_c05
JumpRope,v_JumpRope_g24_c06
JumpRope,v_JumpRope_g09_c07
JumpRope,v_JumpRope_g02_c02
JumpRope,v_JumpRope_g23_c04
JumpRope,v_JumpRope_g17_c05
JumpRope,v_JumpRope_g07_c05
JumpRope,v_JumpRope_g04_c07
JumpRope,v_JumpRope_g03_c04
JumpRope,v_JumpRope_g17_c01
JumpRope,v_JumpRope_g20_c05
JumpRope,v_JumpRope_g06_c01
JumpRope,v_JumpRope_g18_c07
JumpRope,v_JumpRope_g11_c06
JumpRope,v_JumpRope_g24_c07
JumpRope,v_JumpRope_g06_c02
JumpRope,v_JumpRope_g06_c04
JumpRope,v_JumpRope_g11_c02
JumpRope,v_JumpRope_g24_c04
JumpRope,v_JumpRope_g17_c03
JumpRope,v_JumpRope_g08_c03
JumpRope,v_JumpRope_g09_c04
JumpRope,v_JumpRope_g11_c04
JumpRope,v_JumpRope_g25_c01
JumpRope,v_JumpRope_g07_c02
JumpRope,v_JumpRope_g13_c05
JumpRope,v_JumpRope_g25_c06
JumpRope,v_JumpRope_g13_c02
JumpRope,v_JumpRope_g15_c03
JumpRope,v_JumpRope_g12_c04
JumpRope,v_JumpRope_g14_c03
JumpRope,v_JumpRope_g21_c06
JumpRope,v_JumpRope_g22_c03
JumpRope,v_JumpRope_g08_c01
JumpRope,v_JumpRope_g10_c04
JumpRope,v_JumpRope_g09_c01
JumpRope,v_JumpRope_g15_c02
JumpRope,v_JumpRope_g25_c04
JumpRope,v_JumpRope_g17_c02
JumpRope,v_JumpRope_g23_c05
JumpRope,v_JumpRope_g07_c03
JumpRope,v_JumpRope_g04_c01
JumpRope,v_JumpRope_g04_c03
JumpRope,v_JumpRope_g06_c05
JumpRope,v_JumpRope_g08_c02
JumpRope,v_JumpRope_g23_c02
JumpRope,v_JumpRope_g07_c06
JumpRope,v_JumpRope_g19_c03
JumpRope,v_JumpRope_g02_c07
JumpRope,v_JumpRope_g16_c05
JumpRope,v_JumpRope_g09_c05
JumpRope,v_JumpRope_g22_c01
JumpRope,v_JumpRope_g21_c05
JumpRope,v_JumpRope_g24_c01
JumpRope,v_JumpRope_g02_c03
JumpRope,v_JumpRope_g21_c03
JumpRope,v_JumpRope_g22_c06
JumpRope,v_JumpRope_g14_c02
JumpRope,v_JumpRope_g04_c04
JumpRope,v_JumpRope_g03_c03
JumpRope,v_JumpRope_g02_c01
JumpRope,v_JumpRope_g19_c04
JumpRope,v_JumpRope_g10_c02
JumpRope,v_JumpRope_g05_c01
JumpRope,v_JumpRope_g07_c01
JumpRope,v_JumpRope_g01_c04
JumpRope,v_JumpRope_g10_c03
JumpRope,v_JumpRope_g16_c03
JumpRope,v_JumpRope_g03_c01
JumpRope,v_JumpRope_g08_c04
JumpRope,v_JumpRope_g25_c05
JumpRope,v_JumpRope_g17_c04
JumpRope,v_JumpRope_g08_c06
JumpRope,v_JumpRope_g16_c04
JumpRope,v_JumpRope_g02_c04
JumpRope,v_JumpRope_g11_c01
JumpRope,v_JumpRope_g05_c02
JumpRope,v_JumpRope_g16_c02
JumpRope,v_JumpRope_g16_c06
JumpRope,v_JumpRope_g21_c07
JumpRope,v_JumpRope_g20_c02
JumpRope,v_JumpRope_g13_c01
JumpRope,v_JumpRope_g12_c02
JumpRope,v_JumpRope_g20_c06
JumpRope,v_JumpRope_g04_c02
JumpRope,v_JumpRope_g13_c04
JumpRope,v_JumpRope_g14_c01
FrisbeeCatch,v_FrisbeeCatch_g04_c03
FrisbeeCatch,v_FrisbeeCatch_g01_c04
FrisbeeCatch,v_FrisbeeCatch_g18_c04
FrisbeeCatch,v_FrisbeeCatch_g02_c02
FrisbeeCatch,v_FrisbeeCatch_g19_c03
FrisbeeCatch,v_FrisbeeCatch_g08_c03
FrisbeeCatch,v_FrisbeeCatch_g20_c01
FrisbeeCatch,v_FrisbeeCatch_g21_c04
FrisbeeCatch,v_FrisbeeCatch_g04_c02
FrisbeeCatch,v_FrisbeeCatch_g12_c05
FrisbeeCatch,v_FrisbeeCatch_g25_c01
FrisbeeCatch,v_FrisbeeCatch_g07_c04
FrisbeeCatch,v_FrisbeeCatch_g09_c03
FrisbeeCatch,v_FrisbeeCatch_g08_c05
FrisbeeCatch,v_FrisbeeCatch_g06_c02
FrisbeeCatch,v_FrisbeeCatch_g22_c01
FrisbeeCatch,v_FrisbeeCatch_g02_c03
FrisbeeCatch,v_FrisbeeCatch_g01_c01
FrisbeeCatch,v_FrisbeeCatch_g18_c03
FrisbeeCatch,v_FrisbeeCatch_g05_c02
FrisbeeCatch,v_FrisbeeCatch_g19_c06
FrisbeeCatch,v_FrisbeeCatch_g08_c01
FrisbeeCatch,v_FrisbeeCatch_g12_c02
FrisbeeCatch,v_FrisbeeCatch_g17_c02
FrisbeeCatch,v_FrisbeeCatch_g23_c01
FrisbeeCatch,v_FrisbeeCatch_g22_c02
FrisbeeCatch,v_FrisbeeCatch_g12_c04
FrisbeeCatch,v_FrisbeeCatch_g10_c01
FrisbeeCatch,v_FrisbeeCatch_g22_c05
FrisbeeCatch,v_FrisbeeCatch_g03_c01
FrisbeeCatch,v_FrisbeeCatch_g09_c04
FrisbeeCatch,v_FrisbeeCatch_g11_c01
FrisbeeCatch,v_FrisbeeCatch_g07_c02
FrisbeeCatch,v_FrisbeeCatch_g05_c03
FrisbeeCatch,v_FrisbeeCatch_g07_c05
FrisbeeCatch,v_FrisbeeCatch_g10_c05
FrisbeeCatch,v_FrisbeeCatch_g11_c02
FrisbeeCatch,v_FrisbeeCatch_g10_c06
FrisbeeCatch,v_FrisbeeCatch_g06_c01
FrisbeeCatch,v_FrisbeeCatch_g18_c05
FrisbeeCatch,v_FrisbeeCatch_g04_c01
FrisbeeCatch,v_FrisbeeCatch_g14_c05
FrisbeeCatch,v_FrisbeeCatch_g15_c01
FrisbeeCatch,v_FrisbeeCatch_g20_c02
FrisbeeCatch,v_FrisbeeCatch_g21_c02
FrisbeeCatch,v_FrisbeeCatch_g02_c05
FrisbeeCatch,v_FrisbeeCatch_g04_c05
FrisbeeCatch,v_FrisbeeCatch_g18_c02
FrisbeeCatch,v_FrisbeeCatch_g10_c04
FrisbeeCatch,v_FrisbeeCatch_g24_c01
FrisbeeCatch,v_FrisbeeCatch_g01_c06
FrisbeeCatch,v_FrisbeeCatch_g11_c03
FrisbeeCatch,v_FrisbeeCatch_g13_c03
FrisbeeCatch,v_FrisbeeCatch_g19_c01
FrisbeeCatch,v_FrisbeeCatch_g23_c04
FrisbeeCatch,v_FrisbeeCatch_g01_c05
FrisbeeCatch,v_FrisbeeCatch_g03_c02
FrisbeeCatch,v_FrisbeeCatch_g23_c03
FrisbeeCatch,v_FrisbeeCatch_g16_c01
FrisbeeCatch,v_FrisbeeCatch_g16_c02
FrisbeeCatch,v_FrisbeeCatch_g05_c04
FrisbeeCatch,v_FrisbeeCatch_g19_c05
FrisbeeCatch,v_FrisbeeCatch_g23_c02
FrisbeeCatch,v_FrisbeeCatch_g18_c01
FrisbeeCatch,v_FrisbeeCatch_g22_c06
FrisbeeCatch,v_FrisbeeCatch_g06_c03
FrisbeeCatch,v_FrisbeeCatch_g09_c05
FrisbeeCatch,v_FrisbeeCatch_g25_c03
FrisbeeCatch,v_FrisbeeCatch_g06_c04
FrisbeeCatch,v_FrisbeeCatch_g04_c04
FrisbeeCatch,v_FrisbeeCatch_g17_c03
FrisbeeCatch,v_FrisbeeCatch_g07_c01
FrisbeeCatch,v_FrisbeeCatch_g16_c06
FrisbeeCatch,v_FrisbeeCatch_g20_c06
FrisbeeCatch,v_FrisbeeCatch_g01_c03
FrisbeeCatch,v_FrisbeeCatch_g20_c03
FrisbeeCatch,v_FrisbeeCatch_g25_c02
FrisbeeCatch,v_FrisbeeCatch_g10_c03
FrisbeeCatch,v_FrisbeeCatch_g16_c05
FrisbeeCatch,v_FrisbeeCatch_g12_c03
FrisbeeCatch,v_FrisbeeCatch_g21_c01
FrisbeeCatch,v_FrisbeeCatch_g16_c04
FrisbeeCatch,v_FrisbeeCatch_g16_c03
FrisbeeCatch,v_FrisbeeCatch_g22_c03
FrisbeeCatch,v_FrisbeeCatch_g13_c04
FrisbeeCatch,v_FrisbeeCatch_g13_c01
FrisbeeCatch,v_FrisbeeCatch_g21_c05
FrisbeeCatch,v_FrisbeeCatch_g01_c02
FrisbeeCatch,v_FrisbeeCatch_g13_c02
FrisbeeCatch,v_FrisbeeCatch_g05_c05
FrisbeeCatch,v_FrisbeeCatch_g21_c03
FrisbeeCatch,v_FrisbeeCatch_g14_c04
FrisbeeCatch,v_FrisbeeCatch_g17_c04
FrisbeeCatch,v_FrisbeeCatch_g03_c03
FrisbeeCatch,v_FrisbeeCatch_g20_c04
FrisbeeCatch,v_FrisbeeCatch_g03_c05
FrisbeeCatch,v_FrisbeeCatch_g24_c02
FrisbeeCatch,v_FrisbeeCatch_g24_c04
FrisbeeCatch,v_FrisbeeCatch_g08_c04
FrisbeeCatch,v_FrisbeeCatch_g09_c01
FrisbeeCatch,v_FrisbeeCatch_g14_c02
FrisbeeCatch,v_FrisbeeCatch_g02_c01
FrisbeeCatch,v_FrisbeeCatch_g20_c05
FrisbeeCatch,v_FrisbeeCatch_g07_c03
FrisbeeCatch,v_FrisbeeCatch_g19_c02
FrisbeeCatch,v_FrisbeeCatch_g11_c04
FrisbeeCatch,v_FrisbeeCatch_g14_c01
FrisbeeCatch,v_FrisbeeCatch_g22_c04
FrisbeeCatch,v_FrisbeeCatch_g08_c02
FrisbeeCatch,v_FrisbeeCatch_g17_c01
FrisbeeCatch,v_FrisbeeCatch_g15_c04
FrisbeeCatch,v_FrisbeeCatch_g10_c02
FrisbeeCatch,v_FrisbeeCatch_g15_c03
FrisbeeCatch,v_FrisbeeCatch_g05_c01
FrisbeeCatch,v_FrisbeeCatch_g19_c04
FrisbeeCatch,v_FrisbeeCatch_g14_c03
FrisbeeCatch,v_FrisbeeCatch_g07_c06
FrisbeeCatch,v_FrisbeeCatch_g12_c01
FrisbeeCatch,v_FrisbeeCatch_g09_c02
FrisbeeCatch,v_FrisbeeCatch_g06_c05
FrisbeeCatch,v_FrisbeeCatch_g25_c04
FrisbeeCatch,v_FrisbeeCatch_g17_c05
FrisbeeCatch,v_FrisbeeCatch_g03_c04
FrisbeeCatch,v_FrisbeeCatch_g15_c02
FrisbeeCatch,v_FrisbeeCatch_g02_c04
FrisbeeCatch,v_FrisbeeCatch_g24_c03
PlayingFlute,v_PlayingFlute_g23_c01
PlayingFlute,v_PlayingFlute_g25_c05
PlayingFlute,v_PlayingFlute_g05_c05
PlayingFlute,v_PlayingFlute_g01_c07
PlayingFlute,v_PlayingFlute_g11_c02
PlayingFlute,v_PlayingFlute_g08_c06
PlayingFlute,v_PlayingFlute_g14_c01
PlayingFlute,v_PlayingFlute_g25_c02
PlayingFlute,v_PlayingFlute_g12_c04
PlayingFlute,v_PlayingFlute_g17_c05
PlayingFlute,v_PlayingFlute_g19_c03
PlayingFlute,v_PlayingFlute_g11_c06
PlayingFlute,v_PlayingFlute_g10_c06
PlayingFlute,v_PlayingFlute_g13_c03
PlayingFlute,v_PlayingFlute_g17_c07
PlayingFlute,v_PlayingFlute_g05_c03
PlayingFlute,v_PlayingFlute_g15_c03
PlayingFlute,v_PlayingFlute_g11_c03
PlayingFlute,v_PlayingFlute_g10_c05
PlayingFlute,v_PlayingFlute_g11_c05
PlayingFlute,v_PlayingFlute_g05_c01
PlayingFlute,v_PlayingFlute_g18_c03
PlayingFlute,v_PlayingFlute_g19_c01
PlayingFlute,v_PlayingFlute_g15_c02
PlayingFlute,v_PlayingFlute_g22_c05
PlayingFlute,v_PlayingFlute_g17_c03
PlayingFlute,v_PlayingFlute_g15_c04
PlayingFlute,v_PlayingFlute_g01_c03
PlayingFlute,v_PlayingFlute_g04_c07
PlayingFlute,v_PlayingFlute_g03_c02
PlayingFlute,v_PlayingFlute_g06_c04
PlayingFlute,v_PlayingFlute_g06_c06
PlayingFlute,v_PlayingFlute_g03_c04
PlayingFlute,v_PlayingFlute_g21_c01
PlayingFlute,v_PlayingFlute_g05_c04
PlayingFlute,v_PlayingFlute_g17_c06
PlayingFlute,v_PlayingFlute_g24_c02
PlayingFlute,v_PlayingFlute_g02_c01
PlayingFlute,v_PlayingFlute_g24_c01
PlayingFlute,v_PlayingFlute_g17_c04
PlayingFlute,v_PlayingFlute_g24_c04
PlayingFlute,v_PlayingFlute_g10_c02
PlayingFlute,v_PlayingFlute_g12_c01
PlayingFlute,v_PlayingFlute_g07_c05
PlayingFlute,v_PlayingFlute_g13_c01
PlayingFlute,v_PlayingFlute_g02_c07
PlayingFlute,v_PlayingFlute_g16_c05
PlayingFlute,v_PlayingFlute_g20_c02
PlayingFlute,v_PlayingFlute_g14_c04
PlayingFlute,v_PlayingFlute_g12_c02
PlayingFlute,v_PlayingFlute_g02_c03
PlayingFlute,v_PlayingFlute_g22_c02
PlayingFlute,v_PlayingFlute_g17_c02
PlayingFlute,v_PlayingFlute_g11_c04
PlayingFlute,v_PlayingFlute_g15_c06
PlayingFlute,v_PlayingFlute_g23_c04
PlayingFlute,v_PlayingFlute_g01_c06
PlayingFlute,v_PlayingFlute_g20_c04
PlayingFlute,v_PlayingFlute_g15_c07
PlayingFlute,v_PlayingFlute_g24_c03
PlayingFlute,v_PlayingFlute_g23_c06
PlayingFlute,v_PlayingFlute_g19_c04
PlayingFlute,v_PlayingFlute_g13_c02
PlayingFlute,v_PlayingFlute_g09_c02
PlayingFlute,v_PlayingFlute_g18_c01
PlayingFlute,v_PlayingFlute_g11_c01
PlayingFlute,v_PlayingFlute_g08_c05
PlayingFlute,v_PlayingFlute_g03_c05
PlayingFlute,v_PlayingFlute_g13_c05
PlayingFlute,v_PlayingFlute_g21_c06
PlayingFlute,v_PlayingFlute_g09_c06
PlayingFlute,v_PlayingFlute_g25_c06
PlayingFlute,v_PlayingFlute_g08_c03
PlayingFlute,v_PlayingFlute_g09_c05
PlayingFlute,v_PlayingFlute_g23_c05
PlayingFlute,v_PlayingFlute_g05_c02
PlayingFlute,v_PlayingFlute_g16_c04
PlayingFlute,v_PlayingFlute_g03_c03
PlayingFlute,v_PlayingFlute_g07_c02
PlayingFlute,v_PlayingFlute_g23_c02
PlayingFlute,v_PlayingFlute_g14_c02
PlayingFlute,v_PlayingFlute_g09_c03
PlayingFlute,v_PlayingFlute_g15_c01
PlayingFlute,v_PlayingFlute_g04_c02
PlayingFlute,v_PlayingFlute_g02_c06
PlayingFlute,v_PlayingFlute_g08_c01
PlayingFlute,v_PlayingFlute_g18_c04
PlayingFlute,v_PlayingFlute_g07_c01
PlayingFlute,v_PlayingFlute_g05_c06
PlayingFlute,v_PlayingFlute_g01_c01
PlayingFlute,v_PlayingFlute_g18_c05
PlayingFlute,v_PlayingFlute_g02_c05
PlayingFlute,v_PlayingFlute_g24_c05
PlayingFlute,v_PlayingFlute_g21_c05
PlayingFlute,v_PlayingFlute_g10_c03
PlayingFlute,v_PlayingFlute_g22_c04
PlayingFlute,v_PlayingFlute_g08_c07
PlayingFlute,v_PlayingFlute_g19_c07
PlayingFlute,v_PlayingFlute_g16_c03
PlayingFlute,v_PlayingFlute_g08_c04
PlayingFlute,v_PlayingFlute_g03_c07
PlayingFlute,v_PlayingFlute_g25_c04
PlayingFlute,v_PlayingFlute_g02_c04
PlayingFlute,v_PlayingFlute_g23_c03
PlayingFlute,v_PlayingFlute_g14_c03
PlayingFlute,v_PlayingFlute_g05_c07
PlayingFlute,v_PlayingFlute_g16_c02
PlayingFlute,v_PlayingFlute_g16_c06
PlayingFlute,v_PlayingFlute_g06_c01
PlayingFlute,v_PlayingFlute_g10_c04
PlayingFlute,v_PlayingFlute_g19_c05
PlayingFlute,v_PlayingFlute_g16_c01
PlayingFlute,v_PlayingFlute_g19_c06
PlayingFlute,v_PlayingFlute_g07_c07
PlayingFlute,v_PlayingFlute_g20_c01
PlayingFlute,v_PlayingFlute_g25_c07
PlayingFlute,v_PlayingFlute_g02_c02
PlayingFlute,v_PlayingFlute_g21_c04
PlayingFlute,v_PlayingFlute_g25_c01
PlayingFlute,v_PlayingFlute_g06_c02
PlayingFlute,v_PlayingFlute_g03_c06
PlayingFlute,v_PlayingFlute_g09_c04
PlayingFlute,v_PlayingFlute_g01_c04
PlayingFlute,v_PlayingFlute_g07_c06
PlayingFlute,v_PlayingFlute_g12_c03
PlayingFlute,v_PlayingFlute_g01_c02
PlayingFlute,v_PlayingFlute_g04_c05
PlayingFlute,v_PlayingFlute_g04_c06
PlayingFlute,v_PlayingFlute_g06_c03
PlayingFlute,v_PlayingFlute_g06_c05
PlayingFlute,v_PlayingFlute_g03_c01
PlayingFlute,v_PlayingFlute_g14_c05
PlayingFlute,v_PlayingFlute_g07_c03
PlayingFlute,v_PlayingFlute_g20_c03
PlayingFlute,v_PlayingFlute_g25_c03
PlayingFlute,v_PlayingFlute_g14_c06
PlayingFlute,v_PlayingFlute_g08_c02
PlayingFlute,v_PlayingFlute_g13_c04
PlayingFlute,v_PlayingFlute_g12_c05
PlayingFlute,v_PlayingFlute_g17_c01
PlayingFlute,v_PlayingFlute_g10_c01
PlayingFlute,v_PlayingFlute_g21_c02
PlayingFlute,v_PlayingFlute_g22_c03
PlayingFlute,v_PlayingFlute_g09_c01
PlayingFlute,v_PlayingFlute_g21_c03
PlayingFlute,v_PlayingFlute_g01_c05
PlayingFlute,v_PlayingFlute_g22_c01
PlayingFlute,v_PlayingFlute_g19_c02
PlayingFlute,v_PlayingFlute_g04_c04
PlayingFlute,v_PlayingFlute_g18_c02
PlayingFlute,v_PlayingFlute_g07_c04
PlayingFlute,v_PlayingFlute_g15_c05
PlayingFlute,v_PlayingFlute_g04_c03
PlayingFlute,v_PlayingFlute_g09_c07
PlayingFlute,v_PlayingFlute_g04_c01
